"Model","RMSE"
"GPR",0.130250464589266
"GPR-BMA",0.124049234641519
"GWR",0.105986982015975
