"Model","RMSE"
"BIC",0.403201771018023
"MAP",0.124049234641519
"SPBIC",0.403201771018023
